{"('p102', 'p107')": 0.35282513825606604, "('p102', 'p108')": 0.08852171160490582, "('p102', 'p109')": 0.12066622680930612, "('p102', 'p115')": 0.012336307707007384, "('p102', 'p116')": 0.2520722348184605, "('p102', 'p117')": 0.1446138194706529, "('p102', 'p119')": 0.20854250489092319, "('p102', 'p120')": 0.3839950657927673, "('p102', 'p125')": 0.3179496135877396, "('p102', 'p127')": 0.15581807780320367, "('p102', 'p128')": 0.09791119824624457, "('p102', 'p129')": 0.11910404964398108, "('p102', 'p133')": 0.23558091769886993, "('p102', 'p135')": 0.37023317232512076, "('p107', 'p102')": 0.028873132052455015, "('p107', 'p108')": 0.08643132724142327, "('p107', 'p109')": 0.15527932072332198, "('p107', 'p115')": 0.11231555178803178, "('p107', 'p116')": 0.12079900795374664, "('p107', 'p117')": 0.2103692303266545, "('p107', 'p119')": 0.22954992746726788, "('p107', 'p120')": 0.08939788818783186, "('p107', 'p125')": 0.45758824614897936, "('p107', 'p127')": 0.002583930828234293, "('p107', 'p128')": 0.17727525092435453, "('p107', 'p129')": 0.1269652264244684, "('p107', 'p133')": 0.14995056294453482, "('p107', 'p135')": 0.04882495733381388, "('p108', 'p102')": 0.13323772206675885, "('p108', 'p107')": 0.2656800726034993, "('p108', 'p109')": 0.43397709988325284, "('p108', 'p115')": 0.32693154987177603, "('p108', 'p116')": 0.3688102121245161, "('p108', 'p117')": 0.42456174737919566, "('p108', 'p119')": 0.4567996232015817, "('p108', 'p120')": 0.4582685622226619, "('p108', 'p125')": 0.2196828563465403, "('p108', 'p127')": 0.2375668589407446, "('p108', 'p128')": 0.23174069061839403, "('p108', 'p129')": 0.5384826749793918, "('p108', 'p133')": 0.5355104748550709, "('p108', 'p135')": 0.16844545251536866, "('p109', 'p102')": 0.1280762998488358, "('p109', 'p107')": 0.22394775529627708, "('p109', 'p108')": 0.23955508531088013, "('p109', 'p115')": 0.022799809180862687, "('p109', 'p116')": 0.4026785726217378, "('p109', 'p117')": 0.36618206917377566, "('p109', 'p119')": 0.14505195587107841, "('p109', 'p120')": 0.1913927255128253, "('p109', 'p125')": 0.16614578872015762, "('p109', 'p127')": 0.005593443186984677, "('p109', 'p128')": 0.2784968496849685, "('p109', 'p129')": 0.27673245726292595, "('p109', 'p133')": 0.11724919626445507, "('p109', 'p135')": 0.3182027455532283, "('p115', 'p102')": 0.009643585331953638, "('p115', 'p107')": 0.16709641610049814, "('p115', 'p108')": 0.21717098240880126, "('p115', 'p109')": 0.00043806756814594196, "('p115', 'p116')": 0.21060144179608425, "('p115', 'p117')": 0.042227240804748066, "('p115', 'p119')": 0.23274407669775157, "('p115', 'p120')": 0.18505452447210233, "('p115', 'p125')": 0.18652967197245401, "('p115', 'p127')": 0.024639496892426362, "('p115', 'p128')": 0.18696581585646083, "('p115', 'p129')": 0.10977858565239236, "('p115', 'p133')": 0.4754150159200836, "('p115', 'p135')": 0.07216641282818159}